[
  {
    "banner": {
      "catalog": 1,
      "href": "https://www.oschina.net/action/apiv2//banner?catalog=1"
    },
    "fixed": true,
    "href": "https://www.oschina.net/action/apiv2/sub_list?token=d6112fa662bc4bf21084670a857fbd20",
    "name": "开源资讯",
    "needLogin": false,
    "isActived": true,
    "order": 1,
    "subtype": 1,
    "token": "d6112fa662bc4bf21084670a857fbd20",
    "type": 6
  },
  {
    "fixed": true,
    "href": "https://www.oschina.net/action/apiv2/sub_list?token=df985be3c5d5449f8dfb47e06e098ef9",
    "name": "推荐博客",
    "needLogin": false,
    "isActived": true,
    "order": 3,
    "subtype": 4,
    "token": "df985be3c5d5449f8dfb47e06e098ef9",
    "type": 3
  },
  {
    "fixed": true,
    "href": "https://www.oschina.net/action/apiv2/sub_list?token=98d04eb58a1d12b75d254deecbc83790",
    "name": "技术问答",
    "needLogin": false,
    "isActived": true,
    "order": 2,
    "subtype": 3,
    "token": "98d04eb58a1d12b75d254deecbc83790",
    "type": 2
  },
  {
    "fixed": true,
    "href": "https://www.oschina.net/action/apiv2/sub_list?token=1abf09a23a87442184c2f9bf9dc29e35",
    "name": "每日一博",
    "needLogin": false,
    "isActived": true,
    "order": 4,
    "subtype": 1,
    "token": "1abf09a23a87442184c2f9bf9dc29e35",
    "type": 3
  },
  {
    "fixed": false,
    "href": "https://www.oschina.net/action/apiv2/sub_list?token=299975006aa7f9b8a158deeb0d27a011",
    "name": "码云推荐",
    "needLogin": false,
    "isActived": false,
    "order": 70,
    "subtype": 1,
    "token": "299975006aa7f9b8a158deeb0d27a011",
    "type": 7
  },
  {
    "fixed": false,
    "href": "https://www.oschina.net/action/apiv2/sub_list?token=e3e35d14a62b4f816ec878b6597b60aa",
    "name": "热门资讯",
    "needLogin": false,
    "isActived": false,
    "order": 71,
    "subtype": 2,
    "token": "e3e35d14a62b4f816ec878b6597b60aa",
    "type": 6
  },
  {
    "fixed": false,
    "href": "https://www.oschina.net/action/apiv2/sub_list?token=177f171d41bb37d80c67bee14123f7e1",
    "name": "最新翻译",
    "needLogin": false,
    "isActived": false,
    "order": 74,
    "subtype": 1,
    "token": "177f171d41bb37d80c67bee14123f7e1",
    "type": 4
  },
  {
    "fixed": false,
    "href": "https://www.oschina.net/action/apiv2/sub_list?token=5718df855db5913f25cab8ee4f7c656c",
    "name": "移动开发",
    "needLogin": false,
    "isActived": false,
    "order": 75,
    "subtype": 18,
    "token": "5718df855db5913f25cab8ee4f7c656c",
    "type": 3
  },
  {
    "fixed": false,
    "href": "https://www.oschina.net/action/apiv2/sub_list?token=7975ce15d909bb61a6b85b9392db6149",
    "name": "开源硬件",
    "needLogin": false,
    "isActived": false,
    "order": 76,
    "subtype": 17,
    "token": "7975ce15d909bb61a6b85b9392db6149",
    "type": 3
  },
  {
    "fixed": false,
    "href": "https://www.oschina.net/action/apiv2/sub_list?token=99838268b3bc311a2e763a6a2c4bb9ec",
    "name": "云计算",
    "needLogin": false,
    "isActived": false,
    "order": 77,
    "subtype": 16,
    "token": "99838268b3bc311a2e763a6a2c4bb9ec",
    "type": 3
  },
  {
    "fixed": false,
    "href": "https://www.oschina.net/action/apiv2/sub_list?token=ce53a71a371867582eb3023415c83489",
    "name": "软件工程",
    "needLogin": false,
    "isActived": false,
    "order": 78,
    "subtype": 15,
    "token": "ce53a71a371867582eb3023415c83489",
    "type": 3
  },
  {
    "fixed": false,
    "href": "https://www.oschina.net/action/apiv2/sub_list?token=253b519335b59c011b6db7d1165932bf",
    "name": "系统运维",
    "needLogin": false,
    "isActived": false,
    "order": 79,
    "subtype": 14,
    "token": "253b519335b59c011b6db7d1165932bf",
    "type": 3
  },
  {
    "fixed": false,
    "href": "https://www.oschina.net/action/apiv2/sub_list?token=ad0f1d9e413aeadde89eb899817edd81",
    "name": "图像多媒体",
    "needLogin": false,
    "isActived": false,
    "order": 80,
    "subtype": 13,
    "token": "ad0f1d9e413aeadde89eb899817edd81",
    "type": 3
  },
  {
    "fixed": false,
    "href": "https://www.oschina.net/action/apiv2/sub_list?token=1d76f396e1aad15cf167754bfba9ca78",
    "name": "企业开发",
    "needLogin": false,
    "isActived": false,
    "order": 81,
    "subtype": 12,
    "token": "1d76f396e1aad15cf167754bfba9ca78",
    "type": 3
  },
  {
    "fixed": false,
    "href": "https://www.oschina.net/action/apiv2/sub_list?token=471587b6f0a943f4d675281fa5d13975",
    "name": "数据库",
    "needLogin": false,
    "isActived": false,
    "order": 82,
    "subtype": 11,
    "token": "471587b6f0a943f4d675281fa5d13975",
    "type": 3
  },
  {
    "fixed": false,
    "href": "https://www.oschina.net/action/apiv2/sub_list?token=285cfaccd55f60ebc919d30ad709c6b4",
    "name": "编程语言",
    "needLogin": false,
    "isActived": false,
    "order": 83,
    "subtype": 10,
    "token": "285cfaccd55f60ebc919d30ad709c6b4",
    "type": 3
  },
  {
    "fixed": false,
    "href": "https://www.oschina.net/action/apiv2/sub_list?token=5ca68e0307f68ccd2d181b07d45b110b",
    "name": "游戏开发",
    "needLogin": false,
    "isActived": false,
    "order": 84,
    "subtype": 9,
    "token": "5ca68e0307f68ccd2d181b07d45b110b",
    "type": 3
  },
  {
    "fixed": false,
    "href": "https://www.oschina.net/action/apiv2/sub_list?token=32704cb501253b0422544fd84b7de35b",
    "name": "服务端开发",
    "needLogin": false,
    "isActived": false,
    "order": 85,
    "subtype": 8,
    "token": "32704cb501253b0422544fd84b7de35b",
    "type": 3
  },
  {
    "fixed": false,
    "href": "https://www.oschina.net/action/apiv2/sub_list?token=1299ab1d9f2981cf6100083e106aa531",
    "name": "前端开发",
    "needLogin": false,
    "isActived": false,
    "order": 86,
    "subtype": 7,
    "token": "1299ab1d9f2981cf6100083e106aa531",
    "type": 3
  },
  {
    "fixed": false,
    "href": "https://www.oschina.net/action/apiv2/sub_list?token=63697c05f04140b1ca1dba8e0822ebf4",
    "name": "源创君",
    "needLogin": false,
    "isActived": false,
    "order": 87,
    "subtype": 6,
    "token": "63697c05f04140b1ca1dba8e0822ebf4",
    "type": 3
  },
  {
    "fixed": false,
    "href": "https://www.oschina.net/action/apiv2/sub_list?token=0048958a909973b5d83a8eca65d90afb",
    "name": "最新博客",
    "needLogin": false,
    "isActived": false,
    "order": 90,
    "subtype": 3,
    "token": "0048958a909973b5d83a8eca65d90afb",
    "type": 3
  },
  {
    "fixed": false,
    "href": "https://www.oschina.net/action/apiv2/sub_list?token=b5a06540fdf8d2d4de5c40775585a188",
    "name": "热门博客",
    "needLogin": false,
    "isActived": false,
    "order": 91,
    "subtype": 2,
    "token": "b5a06540fdf8d2d4de5c40775585a188",
    "type": 3
  },
  {
    "fixed": false,
    "href": "https://www.oschina.net/action/apiv2/sub_list?token=2953c7a3d4ebfbae2c45fd34698a6545",
    "name": "站务建议",
    "needLogin": false,
    "isActived": false,
    "order": 93,
    "subtype": 7,
    "token": "2953c7a3d4ebfbae2c45fd34698a6545",
    "type": 2
  },
  {
    "fixed": false,
    "href": "https://www.oschina.net/action/apiv2/sub_list?token=ce1231d4a15c3d1e944943a6aa54d695",
    "name": "职业生涯",
    "needLogin": false,
    "isActived": false,
    "order": 94,
    "subtype": 6,
    "token": "ce1231d4a15c3d1e944943a6aa54d695",
    "type": 2
  },
  {
    "fixed": false,
    "href": "https://www.oschina.net/action/apiv2/sub_list?token=44fe8b07756796cf620dbd18a4cd56e1",
    "name": "行业杂烩",
    "needLogin": false,
    "isActived": false,
    "order": 95,
    "subtype": 5,
    "token": "44fe8b07756796cf620dbd18a4cd56e1",
    "type": 2
  },
  {
    "fixed": false,
    "href": "https://www.oschina.net/action/apiv2/sub_list?token=b56759c46cb81192b7d1cbb1a478a45d",
    "name": "技术分享",
    "needLogin": false,
    "isActived": false,
    "order": 96,
    "subtype": 4,
    "token": "b56759c46cb81192b7d1cbb1a478a45d",
    "type": 2
  },
  {
    "fixed": false,
    "href": "https://www.oschina.net/action/apiv2/sub_list?token=8f7029b477abf806b1125aff3a666e80",
    "name": "开源访谈",
    "needLogin": false,
    "isActived": false,
    "order": 98,
    "subtype": 2,
    "token": "8f7029b477abf806b1125aff3a666e80",
    "type": 2
  },
  {
    "fixed": false,
    "href": "https://www.oschina.net/action/apiv2/sub_list?token=8ebb873ebbdb5f60d33db3f7dd15d63b",
    "name": "高手问答",
    "needLogin": false,
    "isActived": false,
    "order": 99,
    "subtype": 1,
    "token": "8ebb873ebbdb5f60d33db3f7dd15d63b",
    "type": 2
  },
  {
    "fixed": false,
    "href": "https://www.oschina.net/action/apiv2/sub_list?token=b4ca1962b3a80823c6138441015d9836",
    "name": "最新软件",
    "needLogin": false,
    "isActived": false,
    "order": 100,
    "subtype": 1,
    "token": "b4ca1962b3a80823c6138441015d9836",
    "type": 1
  }
]
